Datetime, gameDurationSeconds, gameDurationMinutes, larvaHints, injectHints, keysCount, larvaHPM, injectHPM, KPM, SQ,comment,ovieHints,oviesHPM
28.10.2019 23:57,663, 11:03,35,33,2954,3,2,267,125,
29.10.2019 00:13,575, 09:35,26,37,2079,2.71,3.85,216,81,
29.10.2019 01:00,796, 13:16,41,39,2954,3.09,2.94,222,107,
29.10.2019 21:24,800, 13:20,38,49,3254,2.85,3.67,243,103,
29.10.2019 21:46,746, 12:26,36,31,3513,2.89,2.49,282,126,
29.10.2019 22:01,469, 07:49,18,41,1311,2.3,5.24,167,87,
29.10.2019 22:15,582, 09:42,32,17,2600,3.29,1.75,267,110,
29.10.2019 22:30,631, 10:31,23,38,2527,2.19,3.61,240,103,
29.10.2019 22:45,718, 11:58,46,50,2727,3.84,4.17,227,100,
09.05.2020 00:02,38, 00:38,0,0,25,0,0,39, ??,
09.05.2020 00:06,17, 00:17,0,0,29,0,0,99, ??,
09.05.2020 00:08,75, 01:15,5,5,70,3.97,3.97,55, ??,
09.05.2020 00:15,158, 02:38,16,11,243,6.06,4.16,91, ??,
09.05.2020 00:22,43, 00:43,5,0,25,6.85,0,34, ??,
09.05.2020 13:31,49, 00:49,2,0,348,2.41,0,419, ??,
10.05.2020 04:16,961, 16:01,29,3,7626,1.81,0.19,475, ??,
10.05.2020 05:04,72, 01:12,3,0,550,2.49,0,456, ??,
10.05.2020 16:45,1061, 17:41,21,11,6346,1.19,0.62,358, ??,
10.05.2020 16:56,8, 00:08,0,0,4,0,0,27, ??,
10.05.2020 16:56,12, 00:12,0,0,6,0,0,29, ??,
10.05.2020 17:15,1023, 17:03,20,62,5979,1.17,3.64,350, ??,
10.05.2020 17:32,757, 12:37,22,11,5599,1.74,0.87,443, ??,
10.05.2020 17:35,946, 15:46,22,11,5899,1.4,0.7,374, ??,
10.05.2020 17:54,2095, 34:55,22,11,6611,0.63,0.31,189, ??,
10.05.2020 18:07,669, 11:09,14,20,3846,1.25,1.79,344, ??,
10.05.2020 18:26,725, 12:05,12,20,4003,0.99,1.66,331, ??,
10.05.2020 18:55,172, 02:52,3,0,849,1.04,0,295, ??,
10.05.2020 18:58,353, 05:53,3,0,1384,0.51,0,234, ??,
10.05.2020 19:01,108, 01:48,1,0,498,0.55,0,275, ??,
10.05.2020 19:02,172, 02:52,1,0,660,0.35,0,229, ??,
10.05.2020 19:15,700, 11:40,17,17,4552,1.46,1.46,389, ??,
10.05.2020 19:20,978, 16:18,17,17,5158,1.04,1.04,316, ??,
10.05.2020 19:33,337, 05:37,4,1,1502,0.71,0.18,266, ??,
10.05.2020 19:44,558, 09:18,10,43,3088,1.07,4.62,331, ??,
10.05.2020 19:57,600, 10:00,13,16,3445,1.3,1.6,344, ??,
10.05.2020 20:35,737, 12:17,17,23,4743,1.38,1.87,385, ??,
10.05.2020 20:39,954, 15:54,17,23,5158,1.07,1.45,324, ??,
10.05.2020 21:07,262, 04:22,3,3,1091,0.69,0.69,249, ??,
10.05.2020 21:08,301, 05:01,3,3,1132,0.6,0.6,225, ??,
10.05.2020 21:22,487, 08:07,9,9,2701,1.11,1.11,332, ??,
10.05.2020 21:35,705, 11:45,16,30,4655,1.36,2.55,395, ??,
11.05.2020 19:27,56, 00:56,2,0,2,2.11,0,2, ??,
11.05.2020 19:38,10, 00:10,0,0,8,0,0,44, ??,
11.05.2020 19:40,8, 00:08,0,0,2,0,0,13, ??,
11.05.2020 19:40,12, 00:12,0,0,4,0,0,19, ??,
11.05.2020 19:58,707, 11:47,14,0,2099,1.19,0,178, ??,
11.05.2020 20:45,379, 06:19,6,3,900,0.95,0.47,142, ??,
11.05.2020 20:51,8, 00:08,0,0,4,0,0,27, ??,
11.05.2020 21:01,622, 10:22,12,1,1733,1.16,0.1,167, ??,
11.05.2020 21:07,49, 00:49,1,0,119,1.21,0,144, ??,
11.05.2020 21:24,893, 14:53,25,33,2224,1.68,2.22,149, ??,
11.05.2020 21:44,510, 08:30,10,1,1222,1.18,0.12,143, ??,
11.05.2020 21:56,1214, 20:14,10,1,2994,0.49,0.05,147, ??,
11.05.2020 22:24,410, 06:50,3,8,1157,0.44,1.17,168, ??,
11.05.2020 22:31,283, 04:43,3,16,878,0.63,3.39,185, ??,
11.05.2020 22:49,400, 06:40,4,6,1016,0.6,0.9,152, ??,
11.05.2020 23:01,701, 11:41,13,12,1841,1.11,1.03,157, ??,
11.05.2020 23:13,418, 06:58,10,10,1047,1.43,1.43,150, ??,
11.05.2020 23:29,903, 15:03,21,52,2609,1.39,3.45,173, ??,
11.05.2020 23:33,1138, 18:58,21,52,2819,1.11,2.74,148, ??,
11.05.2020 23:38,8, 00:08,0,0,3,0,0,20, ??,
11.05.2020 23:45,334, 05:34,3,14,716,0.54,2.51,128, ??,
11.05.2020 23:58,688, 11:28,17,10,1767,1.48,0.87,154, ??,
12.05.2020 00:15,848, 14:08,15,40,2537,1.06,2.83,179, ??,
13.05.2020 20:44,941, 15:41,23,4,3041,1.47,0.25,193, ??,
13.05.2020 20:54,399, 06:39,4,11,1039,0.6,1.65,156, ??,
13.05.2020 21:09,652, 10:52,15,21,1671,1.38,1.93,153, ??,
13.05.2020 21:23,644, 10:44,14,16,1794,1.3,1.49,166, ??,
13.05.2020 21:27,859, 14:19,14,16,2408,0.98,1.12,168, ??,
13.05.2020 21:38,223, 03:43,2,0,670,0.54,0,180, ??,
13.05.2020 21:48,329, 05:29,4,21,980,0.73,3.82,178, ??,
13.05.2020 21:48,364, 06:04,4,21,985,0.66,3.46,162, ??,
13.05.2020 22:00,581, 09:41,13,37,1554,1.34,3.82,160, ??,
13.05.2020 22:00,589, 09:49,13,37,1560,1.32,3.77,158, ??,
13.05.2020 22:26,926, 15:26,22,70,2096,1.43,4.54,135, ??,
13.05.2020 22:59,466, 07:46,6,17,2326,0.77,2.19,298, ??,
13.05.2020 23:11,657, 10:57,12,23,3426,1.09,2.1,312, ??,
13.05.2020 23:26,402, 06:42,6,26,1935,0.89,3.87,288, ??,
13.05.2020 23:43,927, 15:27,17,47,5283,1.1,3.04,341, ??,
13.05.2020 23:54,528, 08:48,10,10,3006,1.14,1.14,341, ??,
14.05.2020 00:01,82, 01:22,0,0,133,0,0,96, ??,
14.05.2020 00:05,301, 05:01,0,0,649,0,0,129, ??,
14.05.2020 00:17,635, 10:35,9,25,3211,0.85,2.36,303, ??,
14.05.2020 00:24,323, 05:23,3,0,1364,0.56,0,253, ??,
17.05.2020 00:22,32, 00:32,1,0,178,1.83,0,325, ??,
17.05.2020 00:40,769, 12:49,11,4,4012,0.86,0.31,313, ??,
17.05.2020 00:58,1876, 31:16,11,4,5591,0.35,0.13,178, ??,
17.05.2020 01:12,645, 10:45,13,2,3948,1.21,0.19,366, ??,
17.05.2020 01:39,1340, 22:20,33,10,8954,1.48,0.45,400, ??,
17.05.2020 21:57,884, 14:44,18,2,5471,1.22,0.14,370, ??,
17.05.2020 22:19,472, 07:52,3,0,2149,0.38,0,272, ??,
17.05.2020 22:30,398, 06:38,6,1,1935,0.9,0.15,291, ??,
17.05.2020 22:39,375, 06:15,5,1,1833,0.8,0.16,292, ??,
19.05.2020 00:28,650, 10:50,8,0,3489,0.74,0,321, ??,
19.05.2020 00:28,656, 10:56,8,0,3492,0.73,0,318, ??,
19.05.2020 00:45,614, 10:14,17,2,1695,1.66,0.2,165, ??,
19.05.2020 01:02,826, 13:46,18,3,2225,1.31,0.22,161, ??,
19.05.2020 01:38,1318, 21:58,28,10,8343,1.27,0.46,379, ??,
19.05.2020 01:39,1349, 22:29,28,10,8384,1.25,0.44,372, ??,
19.05.2020 01:56,758, 12:38,13,7,4437,1.03,0.55,351, ??,
19.05.2020 02:11,605, 10:05,10,3,3467,0.99,0.3,343, ??,
20.05.2020 00:09,670, 11:10,8,0,3704,0.72,0,331,128,
20.05.2020 00:18,439, 07:19,5,0,2058,0.68,0,281,82,
11.06.2020 17:17,58, 00:58,2,0,356,"2,05",0,365, ??,
11.06.2020 17:22,71, 01:11,2,0,384,"1,69",0,323, ??,
11.06.2020 17:52,31, 00:31,1,0,180,"1,91",0,342, ??,
28.06.2020 14:07,541, 09:01,6,0,2753,0.66,0.00,304, ??,
28.06.2020 14:19,445, 07:25,6,2,2089,0.81,0.27,281, ??,
28.06.2020 14:22,570, 09:30,6,2,2375,0.63,0.21,249, ??,
28.06.2020 14:36,1417, 23:37,6,2,4199,0.25,0.08,177, ??,
28.06.2020 15:09,8, 00:08,0,0,4,0.00,0.00,27, ??,
28.06.2020 15:27,8, 00:08,0,0,4,0.00,0.00,27, ??,
28.06.2020 15:39,703, 11:43,0,0,1591,0.00,0.00,135, ??,
28.06.2020 16:04,636, 10:36,14,3,3876,1.32,0.28,365, ??,
28.06.2020 16:06,731, 12:11,14,3,4123,1.15,0.25,338, ??,
29.06.2020 23:05,763, 12:43,14,5,4402,1.10,0.39,345, ??,
30.06.2020 00:54,644, 10:44,10,1,3765,0.93,0.09,350, ??,
01.07.2020 21:04,592, 09:52,9,1,3200,0.91,0.10,323, ??,
01.07.2020 21:11,414, 06:54,7,1,2144,1.01,0.14,310, ??,
01.07.2020 21:31,913, 15:13,20,5,5607,1.31,0.33,368, ??,
01.07.2020 21:48,899, 14:59,20,5,5629,1.33,0.33,375, ??,
01.07.2020 22:24,3019, 50:19,20,5,9724,0.40,0.10,193, ??,
01.07.2020 22:38,362, 06:02,3,3,1390,0.50,0.50,230, ??,
01.07.2020 22:59,940, 15:40,20,5,5826,1.28,0.32,371, ??,
01.07.2020 23:14,1850, 30:50,20,5,5991,0.65,0.16,194, ??,
01.07.2020 23:36,1128, 18:48,28,10,7206,1.49,0.53,383, ??,
01.07.2020 23:38,1270, 21:10,28,10,7463,1.32,0.47,352, ??,
02.07.2020 00:04,281, 04:41,2,2,1037,0.43,0.43,221, ??,
02.07.2020 00:20,745, 12:25,15,5,4513,1.21,0.40,363, ??,
02.07.2020 00:33,709, 11:49,14,2,4449,1.18,0.17,376, ??,
02.07.2020 22:51,242, 04:02,1,0,954,0.25,0.00,235, ??,
02.07.2020 23:02,611, 10:11,3,0,2437,0.29,0.00,239, ??,
02.07.2020 23:18,887, 14:47,16,6,5019,1.08,0.41,339, ??,
02.07.2020 23:54,926, 15:26,19,6,5687,1.23,0.39,368, ??,
03.07.2020 09:14,35, 00:35,1,0,3,1.69,0.00,5, ??,
03.07.2020 09:23,250, 04:10,1,1,629,0.24,0.24,150, ??,
03.07.2020 09:45,1203, 20:03,20,12,3288,1.00,0.60,163, ??,
04.07.2020 01:18,649, 10:49,11,0,1840,1.02,0.00,169, ??,
04.07.2020 01:41,792, 13:12,20,5,1866,1.51,0.38,141, ??,
04.07.2020 01:48,8, 00:08,0,0,4,0.00,0.00,27, ??,
04.07.2020 20:38,928, 15:28,24,6,2056,1.55,0.39,132, ??,
04.07.2020 20:53,637, 10:37,11,1,1584,1.03,0.09,149, ??,
04.07.2020 21:05,495, 08:15,4,3,1555,0.48,0.36,188, ??,
04.07.2020 21:46,793, 13:13,22,3,1948,1.66,0.23,147, ??,
04.07.2020 22:01,808, 13:28,19,3,2126,1.41,0.22,157, ??,
04.07.2020 22:20,910, 15:10,25,5,2140,1.65,0.33,141, ??,
04.07.2020 22:42,950, 15:50,27,4,2245,1.70,0.25,141, ??,
06.07.2020 22:45,798, 13:18,17,1,2364,1.28,0.08,177, ??,
06.07.2020 23:18,1029, 17:09,26,5,3052,1.52,0.29,177, ??,
06.07.2020 23:37,908, 15:08,21,2,2456,1.39,0.13,162, ??,
07.07.2020 00:11,894, 14:54,25,2,1854,1.68,0.13,124, ??,
07.07.2020 23:42,1126, 18:46,33,7,2668,1.76,0.37,142, ??,
07.07.2020 23:56,504, 08:24,6,1,1391,0.71,0.12,165, ??,
08.07.2020 00:09,480, 08:00,11,0,1066,1.37,0.00,133, ??,
08.07.2020 00:18,438, 07:18,7,2,1350,0.96,0.27,184, ??,
08.07.2020 00:31,705, 11:45,16,4,1882,1.36,0.34,160, ??,
08.07.2020 01:00,762, 12:42,20,5,1657,1.57,0.39,130, ??,
08.07.2020 01:01,816, 13:36,20,5,1659,1.47,0.37,121, ??,
08.07.2020 01:05,90, 01:30,1,0,296,0.67,0.00,197, ??,
08.07.2020 01:15,580, 09:40,12,3,1480,1.24,0.31,152, ??,
08.07.2020 01:30,801, 13:21,23,3,2017,1.72,0.22,151, ??,
08.07.2020 01:39,1350, 22:30,23,3,3405,1.02,0.13,151, ??,
08.07.2020 01:40,1360, 22:40,23,3,3407,1.01,0.13,150, ??,
08.07.2020 21:57,35, 00:35,1,0,2,1.71,0.00,3, ??,
08.07.2020 21:59,70, 01:10,2,0,22,1.70,0.00,18, ??,
08.07.2020 22:11,572, 09:32,9,0,1448,0.94,0.00,151, ??,
08.07.2020 22:21,286, 04:46,2,3,732,0.42,0.63,153, ??,
08.07.2020 22:33,429, 07:09,13,6,752,1.82,0.84,105, ??,
08.07.2020 22:43,369, 06:09,9,1,647,1.46,0.16,105, ??,
08.07.2020 23:04,1255, 20:55,42,9,2754,2.01,0.43,131, ??,
08.07.2020 23:30,629, 10:29,18,2,1754,1.72,0.19,167, ??,
08.07.2020 23:32,736, 12:16,18,2,1798,1.47,0.16,146, ??,
08.07.2020 23:41,485, 08:05,8,0,1452,0.99,0.00,179, ??,
08.07.2020 23:54,589, 09:49,15,1,1493,1.53,0.10,152, ??,
09.07.2020 00:05,487, 08:07,9,2,1235,1.11,0.25,151, ??,
09.07.2020 00:09,44, 00:44,1,0,83,1.35,0.00,112, ??,
09.07.2020 00:20,651, 10:51,17,2,1603,1.56,0.18,147, ??,
09.07.2020 00:37,595, 09:55,9,1,1635,0.91,0.10,164, ??,
09.07.2020 00:53,919, 15:19,26,2,2446,1.70,0.13,159, ??,
09.07.2020 01:14,771, 12:51,18,3,1895,1.40,0.23,147, ??,
09.07.2020 23:01,323, 05:23,3,0,836,0.56,0.00,155, ??,
09.07.2020 23:19,959, 15:59,18,5,2767,1.13,0.31,173, ??,
09.07.2020 23:19,964, 16:04,18,5,2777,1.12,0.31,172, ??,
09.07.2020 23:32,412, 06:52,6,2,1134,0.87,0.29,165, ??,
09.07.2020 23:48,904, 15:04,19,6,2580,1.26,0.40,171, ??,
10.07.2020 00:08,702, 11:42,14,1,2133,1.20,0.09,182, ??,
10.07.2020 00:36,1370, 22:50,33,7,4232,1.44,0.31,185, ??,
10.07.2020 00:36,1376, 22:56,33,7,4234,1.44,0.31,184, ??,
10.07.2020 00:58,789, 13:09,19,2,2303,1.44,0.15,174, ??,
10.07.2020 01:22,833, 13:53,22,2,2252,1.58,0.14,162, ??,
10.07.2020 01:51,636, 10:36,7,4,1760,0.66,0.38,165, ??,
10.07.2020 02:00,352, 05:52,6,0,834,1.02,0.00,142, ??,
13.07.2020 22:28,64, 01:04,3,1,3,2.78,0.93,2, ??,
13.07.2020 22:41,687, 11:27,15,3,1611,1.31,0.26,140, ??,
13.07.2020 22:48,342, 05:42,3,0,925,0.53,0.00,161, ??,
13.07.2020 23:05,927, 15:27,28,4,2353,1.81,0.26,152, ??,
14.07.2020 23:37,581, 09:41,9,0,1787,0.93,0.00,184, ??,
14.07.2020 23:51,487, 08:07,12,3,1169,1.48,0.37,143, ??,
15.07.2020 00:02,515, 08:35,9,0,1505,1.05,0.00,175, ??,
15.07.2020 00:26,802, 13:22,22,3,1930,1.65,0.22,144, ??,
15.07.2020 01:01,272, 04:32,2,0,744,0.44,0.00,163, ??,
15.07.2020 01:11,491, 08:11,9,3,1424,1.10,0.37,173, ??,
15.07.2020 01:23,143, 02:23,3,1,284,1.26,0.42,118, ??,
15.07.2020 01:30,325, 05:25,2,0,970,0.37,0.00,179, ??,
15.07.2020 01:40,505, 08:25,14,6,936,1.66,0.71,111, ??,
15.07.2020 01:46,18, 00:18,0,0,19,0.00,0.00,62, ??,
15.07.2020 01:54,477, 07:57,3,0,1149,0.38,0.00,144, ??,
15.07.2020 02:07,414, 06:54,7,0,960,1.01,0.00,138, ??,
15.07.2020 02:17,324, 05:24,7,2,578,1.29,0.37,106, ??,
15.07.2020 23:24,247, 04:07,3,1,1020,0.73,0.24,246, ??,
15.07.2020 23:30,570, 09:30,3,1,1151,0.32,0.11,120, ??,
15.07.2020 23:45,802, 13:22,17,2,4908,1.27,0.15,367, ??,
15.07.2020 23:52,1224, 20:24,17,2,5792,0.83,0.10,283, ??,
16.07.2020 00:04,408, 06:48,3,1,1464,0.44,0.15,214, ??,
16.07.2020 00:21,960, 16:00,20,4,5846,1.25,0.25,365, ??,
16.07.2020 00:46,818, 13:38,15,2,4645,1.10,0.15,340, ??,
16.07.2020 00:51,1102, 18:22,15,2,5123,0.82,0.11,278, ??,
21.07.2020 23:03,473, 07:53,4,0,2020,0.51,0.00,255, ??,
21.07.2020 23:15,669, 11:09,16,5,4171,1.43,0.45,373, ??,
21.07.2020 23:33,599, 09:59,13,3,3744,1.30,0.30,374, ??,
21.07.2020 23:51,650, 10:50,13,8,3475,1.20,0.74,320, ??,
21.07.2020 23:58,250, 04:10,4,1,1444,0.96,0.24,345, ??,
21.07.2020 23:59,286, 04:46,4,1,1509,0.84,0.21,315, ??,
22.07.2020 00:12,196, 03:16,1,0,734,0.31,0.00,224, ??,
22.07.2020 00:32,890, 14:50,18,5,5369,1.21,0.34,361, ??,
22.07.2020 00:46,333, 05:33,4,1,1417,0.72,0.18,254, ??,
22.07.2020 00:54,423, 07:03,8,1,2573,1.13,0.14,364, ??,
22.07.2020 22:27,1279, 21:19,31,9,8516,1.45,0.42,399, ??,
22.07.2020 22:49,927, 15:27,21,5,6188,1.36,0.32,400, ??,
22.07.2020 22:50,1045, 17:25,21,5,6484,1.21,0.29,372, ??,
22.07.2020 22:59,255, 04:15,3,1,1224,0.71,0.24,287, ??,
22.07.2020 23:06,415, 06:55,4,1,1717,0.58,0.14,247, ??,
22.07.2020 23:16,517, 08:37,10,2,2935,1.16,0.23,340, ??,
22.07.2020 23:35,520, 08:40,8,0,2541,0.92,0.00,292, ??,
22.07.2020 23:35,536, 08:56,8,0,2546,0.89,0.00,284, ??,
24.07.2020 12:37,63, 01:03,2,0,353,1.90,0.00,334, ??,
24.07.2020 12:39,8, 00:08,0,0,2,0.00,0.00,13, ??,
24.07.2020 23:16,63, 01:03,1,0,358,0.95,0.00,338, ??,
24.07.2020 23:18,43, 00:43,0,0,94,0.00,0.00,129, ??,
24.07.2020 23:32,544, 09:04,6,0,2677,0.66,0.00,295, ??,
24.07.2020 23:41,27, 00:27,0,0,38,0.00,0.00,83, ??,
24.07.2020 23:52,607, 10:07,8,1,3188,0.79,0.10,314, ??,
25.07.2020 00:06,603, 10:03,7,0,3337,0.70,0.00,331, ??,
25.07.2020 00:36,610, 10:10,8,1,3409,0.79,0.10,335, ??,
25.07.2020 00:51,603, 10:03,7,1,3099,0.70,0.10,308, ??,
25.07.2020 01:11,603, 10:03,11,5,3628,1.09,0.50,360, ??,
25.07.2020 01:35,603, 10:03,7,1,2680,0.70,0.10,266, ??,
25.07.2020 01:52,603, 10:03,9,3,3103,0.89,0.30,308, ??,
25.07.2020 02:06,169, 02:49,3,1,822,1.06,0.35,291, ??,
25.07.2020 02:19,604, 10:04,11,3,3440,1.09,0.30,341, ??,
25.07.2020 22:39,608, 10:08,9,0,3400,0.89,0.00,335, ??,
25.07.2020 23:15,604, 10:04,9,1,3381,0.89,0.10,335, ??,
25.07.2020 23:29,310, 05:10,3,1,1316,0.58,0.19,254, ??,
25.07.2020 23:50,459, 07:39,6,2,2372,0.78,0.26,309, ??,
26.07.2020 00:02,571, 09:31,9,0,2993,0.94,0.00,313, ??,
27.07.2020 19:17,603, 10:03,11,1,1894,1.09,0.10,188, ??,
27.07.2020 19:31,386, 06:26,5,1,1111,0.78,0.16,172, ??,
27.07.2020 19:44,603, 10:03,11,2,1734,1.09,0.20,172, ??,
27.07.2020 20:11,370, 06:10,6,2,1075,0.97,0.32,174, ??,
27.07.2020 22:29,603, 10:03,11,4,1786,1.09,0.40,177, ??,
27.07.2020 23:01,604, 10:04,16,4,1475,1.59,0.40,146, ??,
27.07.2020 23:13,526, 08:46,10,3,1464,1.14,0.34,166, ??,
27.07.2020 23:24,359, 05:59,5,1,993,0.84,0.17,165, ??,
27.07.2020 23:33,237, 03:57,6,2,612,1.52,0.51,154, ??,
27.07.2020 23:45,591, 09:51,13,3,1562,1.32,0.30,158, ??,
27.07.2020 23:59,603, 10:03,11,3,1793,1.09,0.30,178, ??,
28.07.2020 00:16,551, 09:11,9,8,1259,0.98,0.87,136, ??,
29.07.2020 23:18,473, 07:53,9,4,1229,1.14,0.51,155, ??,
29.07.2020 23:30,248, 04:08,3,2,628,0.72,0.48,151, ??,
30.07.2020 00:33,603, 10:03,16,3,1494,1.59,0.30,148, ??,
30.07.2020 23:51,603, 10:03,9,3,2035,0.90,0.30,202, ??,
31.07.2020 00:19,603, 10:03,12,2,2186,1.19,0.20,217, ??,
31.07.2020 00:36,603, 10:03,11,5,1585,1.09,0.50,157, ??,
31.07.2020 00:54,604, 10:04,15,2,1473,1.49,0.20,146, ??,
31.07.2020 01:12,604, 10:04,10,0,1454,0.99,0.00,144, ??,
31.07.2020 01:36,603, 10:03,11,4,1503,1.09,0.40,149, ??,
01.08.2020 19:12,603, 10:03,15,4,1771,1.49,0.40,176, ??,
01.08.2020 19:42,433, 07:13,7,1,1099,0.97,0.14,152, ??,
01.08.2020 19:56,282, 04:42,3,2,997,0.64,0.42,211, ??,
03.08.2020 03:12,551, 09:11,16,5,1350,1.74,0.54,146, ??,
07.08.2020 00:06,603, 10:03,11,5,1454,1.09,0.50,144, ??,
07.08.2020 00:32,603, 10:03,8,5,1404,0.79,0.50,139, ??,
07.08.2020 00:51,603, 10:03,9,1,1694,0.89,0.10,168, ??,
07.08.2020 01:13,584, 09:44,14,2,1532,1.44,0.21,157, ??,
07.08.2020 21:03,575, 09:35,8,0,2200,0.83,0.00,229, ??,
07.08.2020 21:14,604, 10:04,10,2,1604,0.99,0.20,159, ??,
07.08.2020 21:38,354, 05:54,5,2,966,0.85,0.34,163, ??,
07.08.2020 21:56,600, 10:00,13,4,1703,1.30,0.40,170, ??,
07.08.2020 22:23,596, 09:56,11,2,1660,1.11,0.20,167, ??,
07.08.2020 22:30,371, 06:11,8,1,874,1.29,0.16,141, ??,
07.08.2020 22:59,604, 10:04,17,1,1782,1.69,0.10,176, ??,
07.08.2020 23:27,543, 09:03,14,3,1462,1.54,0.33,161, ??,
07.08.2020 23:45,604, 10:04,14,5,1693,1.39,0.50,168, ??,
08.08.2020 00:05,63, 01:03,0,0,156,0.00,0.00,147, ??,
08.08.2020 00:13,436, 07:16,6,0,1110,0.83,0.00,152, ??,
10.08.2020 00:08,603, 10:03,9,1,2064,0.89,0.10,205, ??,
10.08.2020 00:37,604, 10:04,11,1,1890,1.09,0.10,187, ??,
10.08.2020 00:52,174, 02:54,1,0,690,0.34,0.00,237, ??,
10.08.2020 01:03,603, 10:03,14,1,1915,1.39,0.10,190, ??,
10.08.2020 01:25,441, 07:21,10,2,973,1.36,0.27,132, ??,
13.08.2020 22:13,494, 08:14,11,2,1280,1.34,0.24,155, ??,
13.08.2020 22:27,603, 10:03,17,2,1528,1.69,0.20,151, ??,
13.08.2020 22:46,603, 10:03,15,4,1422,1.49,0.40,141, ??,
13.08.2020 22:50,105, 01:45,0,0,297,0.00,0.00,168, ??,
13.08.2020 22:58,444, 07:24,14,3,836,1.89,0.40,112, ??,
13.08.2020 23:08,488, 08:08,11,0,1567,1.35,0.00,192, ??,
13.08.2020 23:20,603, 10:03,17,4,1465,1.69,0.40,145, ??,
13.08.2020 23:51,94, 01:34,2,1,243,1.27,0.63,154, ??,
13.08.2020 23:56,310, 05:10,3,0,848,0.58,0.00,163, ??,
14.08.2020 00:02,8, 00:08,0,0,4,0.00,0.00,27, ??,
14.08.2020 00:12,483, 08:03,12,2,985,1.49,0.25,122, ??,
14.08.2020 00:43,603, 10:03,11,4,1472,1.09,0.40,146, ??,
14.08.2020 12:14,125, 02:05,0,0,346,0.00,0.00,166, ??,
14.08.2020 12:15,8, 00:08,0,0,4,0.00,0.00,27, ??,
14.08.2020 12:24,500, 08:20,9,1,1199,1.08,0.12,143, ??,
14.08.2020 12:34,245, 04:05,1,0,671,0.24,0.00,163, ??,
14.08.2020 12:46,603, 10:03,10,1,1467,0.99,0.10,145, ??,
14.08.2020 13:18,437, 07:17,8,1,1246,1.10,0.14,170, ??,
14.08.2020 13:29,351, 05:51,8,3,1026,1.37,0.51,175, ??,
14.08.2020 13:44,603, 10:03,10,3,1656,0.99,0.30,164, ??,
14.08.2020 14:10,409, 06:49,9,3,931,1.32,0.44,136, ??,
14.08.2020 14:21,605, 10:05,13,3,1258,1.29,0.30,124, ??,
14.08.2020 14:43,603, 10:03,10,2,1653,0.99,0.20,164, ??,
14.08.2020 15:04,603, 10:03,15,1,1836,1.49,0.10,182, ??,
14.08.2020 15:12,269, 04:29,3,0,731,0.67,0.00,162, ??,
14.08.2020 22:26,603, 10:03,16,4,1364,1.59,0.40,135, ??,
14.08.2020 22:42,603, 10:03,8,4,1478,0.79,0.40,146, ??,
14.08.2020 22:55,603, 10:03,18,3,1391,1.79,0.30,138, ??,
14.08.2020 23:10,603, 10:03,13,4,1426,1.29,0.40,141, ??,
14.08.2020 23:35,603, 10:03,14,3,1761,1.39,0.30,175, ??,
15.08.2020 00:03,515, 08:35,9,3,1242,1.05,0.35,144, ??,
16.08.2020 00:14,606, 10:06,14,1,1954,1.39,0.10,193, ??,
16.08.2020 00:49,603, 10:03,15,2,1552,1.49,0.20,154, ??,
16.08.2020 01:04,603, 10:03,18,3,1756,1.79,0.30,174, ??,
16.08.2020 01:22,590, 09:50,14,4,1134,1.42,0.41,115, ??,
16.08.2020 05:26,604, 10:04,8,2,1928,0.79,0.20,191, ??,
17.08.2020 14:56,339, 05:39,4,0,1088,0.71,0.00,192, ??,
17.08.2020 15:22,358, 05:58,5,0,920,0.84,0.00,153, ??,
20.08.2020 23:57,346, 05:46,3,1,1090,0.52,0.17,188, ??,
21.08.2020 00:07,369, 06:09,3,2,852,0.49,0.32,138, ??,
21.08.2020 00:14,223, 03:43,1,0,753,0.27,0.00,201, ??,
21.08.2020 00:25,604, 10:04,5,0,2101,0.50,0.00,208, ??,
21.08.2020 00:50,603, 10:03,16,4,1345,1.59,0.40,133, ??,
21.08.2020 01:08,452, 07:32,7,0,1378,0.93,0.00,182, ??,
21.08.2020 01:22,603, 10:03,17,0,1354,1.69,0.00,134, ??,
21.08.2020 01:44,604, 10:04,12,1,1707,1.19,0.10,169, ??,
21.08.2020 02:06,409, 06:49,6,1,1311,0.88,0.15,192, ??,
21.08.2020 02:11,171, 02:51,2,1,307,0.70,0.35,107, ??,
21.08.2020 02:25,603, 10:03,11,0,2018,1.09,0.00,200, ??,
21.08.2020 02:41,302, 05:02,2,1,1046,0.40,0.20,207, ??,
21.08.2020 02:52,603, 10:03,11,3,1954,1.09,0.30,194, ??,
21.08.2020 03:11,603, 10:03,12,0,2072,1.19,0.00,206, ??,
21.08.2020 17:44,603, 10:03,13,2,1696,1.29,0.20,168, ??,
24.08.2020 20:44,433, 07:13,8,1,1307,1.11,0.14,180, ??,
24.08.2020 20:51,357, 05:57,4,0,1029,0.67,0.00,172, ??,
24.08.2020 21:02,603, 10:03,8,1,2119,0.80,0.10,210, ??,
24.08.2020 21:22,604, 10:04,14,1,1884,1.39,0.10,187, ??,
26.08.2020 22:21,543, 09:03,7,1,1310,0.77,0.11,144, ??,
26.08.2020 22:39,536, 08:56,10,1,1534,1.12,0.11,171, ??,
26.08.2020 22:59,603, 10:03,13,2,1315,1.29,0.20,130, ??,
26.08.2020 23:52,560, 09:20,8,0,1885,0.86,0.00,201, ??,
27.08.2020 00:13,604, 10:04,15,3,1692,1.49,0.30,168, ??,
27.08.2020 00:37,440, 07:20,7,2,1270,0.95,0.27,173, ??,
27.08.2020 00:59,603, 10:03,17,1,1446,1.69,0.10,143, ??,
27.08.2020 01:18,603, 10:03,12,0,1719,1.19,0.00,170, ??,
27.08.2020 01:35,603, 10:03,17,3,1340,1.69,0.30,133, ??,
27.08.2020 22:18,604, 10:04,10,1,2058,0.99,0.10,204, ??,
27.08.2020 22:34,604, 10:04,15,8,1404,1.49,0.79,139, ??,
27.08.2020 22:52,603, 10:03,13,5,1574,1.29,0.50,156, ??,
27.08.2020 23:28,583, 09:43,9,2,1717,0.93,0.21,176, ??,
27.08.2020 23:38,258, 04:18,3,0,587,0.70,0.00,136, ??,
27.08.2020 23:47,305, 05:05,5,1,787,0.98,0.20,154, ??,
27.08.2020 23:58,604, 10:04,11,4,1710,1.09,0.40,169, ??,
28.08.2020 00:09,164, 02:44,0,1,523,0.00,0.37,191, ??,
28.08.2020 00:23,604, 10:04,13,1,1778,1.29,0.10,176, ??,
28.08.2020 00:32,246, 04:06,1,1,923,0.24,0.24,224, ??,
28.08.2020 00:44,603, 10:03,12,1,1587,1.19,0.10,157, ??,
28.08.2020 00:59,605, 10:05,9,1,1705,0.89,0.10,168, ??,
28.08.2020 01:12,606, 10:06,16,3,1879,1.58,0.30,186, ??,
30.08.2020 12:19,313, 05:13,3,0,1104,0.57,0.00,211, ??,
30.08.2020 12:30,376, 06:16,4,1,1167,0.64,0.16,185, ??,
30.08.2020 12:39,386, 06:26,5,1,1030,0.78,0.16,160, ??,
30.08.2020 12:48,117, 01:57,3,1,230,1.53,0.51,117, ??,
31.08.2020 21:19,326, 05:26,4,1,926,0.73,0.18,170, ??,
31.08.2020 21:29,348, 05:48,6,1,743,1.03,0.17,127, ??,
31.08.2020 21:45,603, 10:03,9,1,1905,0.89,0.10,189, ??,
31.08.2020 22:23,603, 10:03,14,2,1945,1.39,0.20,193, ??,
02.09.2020 23:12,604, 10:04,14,4,1537,1.39,0.40,152, ??,
02.09.2020 23:29,603, 10:03,8,1,1598,0.79,0.10,158, ??,
03.09.2020 00:05,24, 00:24,1,0,19,2.44,0.00,46, ??,
03.09.2020 00:16,603, 10:03,11,1,1377,1.09,0.10,136, ??,
03.09.2020 00:40,592, 09:52,13,1,1335,1.32,0.10,135, ??,
03.09.2020 00:55,322, 05:22,4,0,873,0.74,0.00,162, ??,
04.09.2020 19:44,512, 08:32,12,0,1223,1.41,0.00,143, ??,
04.09.2020 19:52,361, 06:01,3,0,925,0.50,0.00,153, ??,
04.09.2020 20:02,489, 08:09,12,0,1124,1.47,0.00,137, ??,
04.09.2020 23:25,321, 05:21,3,0,948,0.56,0.00,176, ??,
04.09.2020 23:31,284, 04:44,4,0,855,0.84,0.00,180, ??,
04.09.2020 23:40,382, 06:22,2,0,1107,0.31,0.00,173, ??,
04.09.2020 23:46,230, 03:50,3,0,567,0.78,0.00,147, ??,
04.09.2020 23:57,603, 10:03,11,0,1874,1.09,0.00,186, ??,
05.09.2020 00:07,348, 05:48,4,1,835,0.69,0.17,143, ??,
05.09.2020 00:28,603, 10:03,10,0,1704,0.99,0.00,169, ??,
10.09.2020 23:24,234, 03:54,5,3,429,1.28,0.77,109, ??,
10.09.2020 23:33,455, 07:35,9,3,1131,1.18,0.39,148, ??,
10.09.2020 23:46,603, 10:03,6,5,1683,0.60,0.50,167, ??,
10.09.2020 23:59,604, 10:04,17,2,1606,1.69,0.20,159, ??,
11.09.2020 00:26,323, 05:23,4,0,999,0.74,0.00,185, ??,
11.09.2020 00:34,320, 05:20,7,3,522,1.31,0.56,97, ??,
11.09.2020 00:38,192, 03:12,4,1,364,1.25,0.31,113, ??,
11.09.2020 00:49,603, 10:03,15,3,1485,1.49,0.30,147, ??,
11.09.2020 01:00,531, 08:51,9,1,1645,1.02,0.11,185, ??,
14.09.2020 21:50,48, 00:48,2,0,7,2.48,0.00,8, ??,
14.09.2020 22:01,603, 10:03,15,1,1900,1.49,0.10,188, ??,
14.09.2020 22:29,605, 10:05,10,2,1712,0.99,0.20,169, ??,
14.09.2020 22:55,485, 08:05,9,1,1431,1.11,0.12,176, ??,
14.09.2020 23:07,404, 06:44,10,1,1046,1.49,0.15,155, ??,
14.09.2020 23:19,603, 10:03,17,3,1366,1.69,0.30,135, ??,
14.09.2020 23:49,599, 09:59,15,5,1488,1.50,0.50,148, ??,
15.09.2020 00:18,423, 07:03,9,3,1175,1.28,0.43,166, ??,
15.09.2020 00:33,604, 10:04,16,4,1437,1.59,0.40,142, ??,
15.09.2020 00:49,518, 08:38,5,6,1636,0.58,0.69,189, ??,
15.09.2020 01:03,596, 09:56,15,2,1311,1.51,0.20,131, ??,
15.09.2020 01:11,144, 02:24,6,1,219,2.50,0.42,91, ??,
15.09.2020 01:32,603, 10:03,10,3,1710,0.99,0.30,170, ??,
15.09.2020 01:56,473, 07:53,9,1,1105,1.14,0.13,139, ??,
15.09.2020 02:08,604, 10:04,12,1,1943,1.19,0.10,192, ??,
15.09.2020 02:28,604, 10:04,16,3,1601,1.59,0.30,158, ??,
21.09.2020 22:31,603, 10:03,15,1,1644,1.49,0.10,163, ??,
21.09.2020 22:52,603, 10:03,17,0,1692,1.69,0.00,168, ??,
21.09.2020 23:40,604, 10:04,14,2,1815,1.39,0.20,180, ??,
22.09.2020 00:43,603, 10:03,16,0,1634,1.59,0.00,162, ??,
22.09.2020 01:07,548, 09:08,14,1,1370,1.53,0.11,149, ??,
22.09.2020 22:53,603, 10:03,11,1,1553,1.09,0.10,154, ??,
22.09.2020 23:11,72, 01:12,2,0,115,1.65,0.00,94, ??,
22.09.2020 23:25,603, 10:03,13,2,1561,1.29,0.20,155, ??,
22.09.2020 23:42,603, 10:03,13,4,1492,1.29,0.40,148, ??,
23.09.2020 00:10,554, 09:14,14,1,1308,1.52,0.11,141, ??,
23.09.2020 01:06,603, 10:03,17,3,1560,1.69,0.30,154, ??,
23.09.2020 01:35,391, 06:31,6,1,1033,0.92,0.15,158, ??,
24.09.2020 00:15,603, 10:03,16,4,1537,1.59,0.40,152, ??,
24.09.2020 01:13,604, 10:04,19,3,1229,1.89,0.30,122, ??,
24.09.2020 01:49,603, 10:03,14,2,1909,1.39,0.20,189, ??,
24.09.2020 22:31,604, 10:04,13,1,1730,1.29,0.10,171, ??,
24.09.2020 22:51,603, 10:03,11,3,1486,1.09,0.30,147, ??,
24.09.2020 23:13,603, 10:03,15,3,1269,1.49,0.30,126, ??,
24.09.2020 23:44,447, 07:27,6,5,968,0.80,0.67,129, ??,
25.09.2020 00:04,554, 09:14,16,3,1544,1.73,0.32,167, ??,
25.09.2020 00:11,324, 05:24,8,3,634,1.48,0.55,117, ??,
25.09.2020 01:01,605, 10:05,12,1,1663,1.19,0.10,164, ??,
25.09.2020 01:23,603, 10:03,13,4,1395,1.29,0.40,138, ??,
25.09.2020 01:46,319, 05:19,11,4,805,2.06,0.75,151, ??,
25.09.2020 01:57,604, 10:04,14,2,1495,1.39,0.20,148, ??,
25.09.2020 02:30,603, 10:03,17,4,1675,1.69,0.40,166, ??,
25.09.2020 03:06,507, 08:27,7,3,1258,0.83,0.35,148, ??,
04.10.2020 21:51,603, 10:03,10,0,1497,0.99,0.00,148, ??,
04.10.2020 22:04,414, 06:54,7,1,1233,1.01,0.14,178, ??,
04.10.2020 22:17,604, 10:04,10,2,1880,0.99,0.20,186, ??,
04.10.2020 23:14,603, 10:03,14,0,1611,1.39,0.00,160, ??,
04.10.2020 23:35,604, 10:04,12,3,1724,1.19,0.30,171, ??,
05.10.2020 23:32,603, 10:03,15,4,1352,1.49,0.40,134, ??,
05.10.2020 23:56,603, 10:03,14,2,1433,1.39,0.20,142, ??,
06.10.2020 00:12,393, 06:33,6,2,795,0.91,0.30,121, ??,
06.10.2020 00:18,272, 04:32,5,2,571,1.10,0.44,125, ??,
06.10.2020 00:30,366, 06:06,8,2,832,1.31,0.33,136, ??,
06.10.2020 00:37,255, 04:15,4,3,592,0.94,0.71,139, ??,
06.10.2020 00:48,603, 10:03,15,3,1240,1.49,0.30,123, ??,
06.10.2020 01:08,603, 10:03,11,0,1647,1.09,0.00,163, ??,
06.10.2020 21:58,520, 08:40,11,3,1429,1.27,0.35,164, ??,
06.10.2020 22:29,603, 10:03,15,5,1686,1.49,0.50,167, ??,
06.10.2020 22:46,551, 09:11,11,0,1338,1.20,0.00,145, ??,
06.10.2020 23:04,603, 10:03,13,1,1646,1.29,0.10,163, ??,
06.10.2020 23:29,400, 06:40,9,1,890,1.35,0.15,133, ??,
06.10.2020 23:35,225, 03:45,6,2,753,1.60,0.53,200, ??,
06.10.2020 23:56,315, 05:15,4,2,659,0.76,0.38,125, ??,
07.10.2020 00:05,474, 07:54,10,3,1147,1.27,0.38,145, ??,
07.10.2020 00:17,604, 10:04,14,2,1523,1.39,0.20,151, ??,
07.10.2020 00:35,604, 10:04,14,2,1396,1.39,0.20,138, ??,
07.10.2020 21:19,257, 04:17,4,1,500,0.93,0.23,116, ??,
07.10.2020 21:26,288, 04:48,4,1,632,0.83,0.21,131, ??,
07.10.2020 21:31,121, 02:01,1,0,249,0.49,0.00,122, ??,
07.10.2020 21:39,293, 04:53,4,0,615,0.82,0.00,125, ??,
07.10.2020 21:53,604, 10:04,14,1,1583,1.39,0.10,157, ??,
07.10.2020 22:08,603, 10:03,11,4,1543,1.09,0.40,153, ??,
07.10.2020 22:35,306, 05:06,6,4,592,1.18,0.78,115, ??,
07.10.2020 22:42,56, 00:56,1,0,113,1.06,0.00,120, ??,
07.10.2020 22:56,603, 10:03,13,3,1588,1.29,0.30,157, ??,
07.10.2020 23:08,339, 05:39,4,1,938,0.71,0.18,165, ??,
07.10.2020 23:32,284, 04:44,2,1,635,0.42,0.21,133, ??,
07.10.2020 23:48,472, 07:52,7,1,1082,0.89,0.13,137, ??,
08.10.2020 00:18,309, 05:09,8,2,601,1.55,0.39,116, ??,
08.10.2020 00:27,275, 04:35,4,1,751,0.87,0.22,163, ??,
08.10.2020 00:37,360, 06:00,5,1,928,0.83,0.17,154, ??,
08.10.2020 00:47,386, 06:26,5,1,952,0.78,0.16,147, ??,
08.10.2020 00:58,544, 09:04,15,6,1052,1.65,0.66,115, ??,
08.10.2020 01:07,291, 04:51,2,0,645,0.41,0.00,132, ??,
17.10.2020 22:43,603, 10:03,15,3,1370,1.49,0.30,136, ??,
17.10.2020 22:52,284, 04:44,8,2,592,1.69,0.42,124, ??,
17.10.2020 22:58,317, 05:17,5,2,789,0.94,0.38,148, ??,
17.10.2020 23:25,604, 10:04,17,1,1512,1.69,0.10,150, ??,
17.10.2020 23:43,279, 04:39,5,0,629,1.07,0.00,135, ??,
17.10.2020 23:58,603, 10:03,17,3,1478,1.69,0.30,146, ??,
18.10.2020 00:11,494, 08:14,10,1,1224,1.21,0.12,148, ??,
18.10.2020 00:19,154, 02:34,2,1,422,0.78,0.39,163, ??,
18.10.2020 00:34,587, 09:47,11,3,1420,1.12,0.31,144, ??,
18.10.2020 01:13,604, 10:04,11,1,1515,1.09,0.10,150, ??,
18.10.2020 01:33,603, 10:03,14,1,1740,1.39,0.10,172, ??,
18.10.2020 01:53,604, 10:04,16,3,1458,1.59,0.30,144, ??,
18.10.2020 02:13,226, 03:46,2,1,558,0.53,0.26,147, ??,
18.10.2020 02:36,603, 10:03,15,2,1477,1.49,0.20,146, ??,
18.10.2020 02:53,272, 04:32,3,0,663,0.66,0.00,146, ??,
18.10.2020 03:07,580, 09:40,12,2,1506,1.24,0.21,155, ??,
18.10.2020 03:48,604, 10:04,14,3,1517,1.39,0.30,150, ??,
18.10.2020 04:03,603, 10:03,15,5,1597,1.49,0.50,158, ??,
18.10.2020 04:26,604, 10:04,15,1,1612,1.49,0.10,160, ??,
19.10.2020 01:00,604, 10:04,11,3,1621,1.09,0.30,160, ??,
19.10.2020 01:19,604, 10:04,13,6,1320,1.29,0.60,131, ??,
19.10.2020 01:38,509, 08:29,19,7,544,2.24,0.82,64, ??,
19.10.2020 01:48,575, 09:35,17,6,995,1.77,0.63,103, ??,
19.10.2020 02:01,578, 09:38,6,3,1723,0.62,0.31,178, ??,
19.10.2020 02:14,603, 10:03,12,2,1435,1.19,0.20,142, ??,
19.10.2020 02:43,604, 10:04,14,4,1471,1.39,0.40,146, ??,
19.10.2020 03:06,603, 10:03,20,4,1353,1.99,0.40,134, ??,
20.10.2020 00:17,350, 05:50,4,2,946,0.69,0.34,162, ??,
20.10.2020 00:52,604, 10:04,17,3,1585,1.69,0.30,157, ??,
20.10.2020 01:09,271, 04:31,5,1,689,1.10,0.22,152, ??,
20.10.2020 01:28,603, 10:03,13,6,1233,1.29,0.60,122, ??,
20.10.2020 01:45,601, 10:01,15,5,1471,1.50,0.50,146, ??,
20.10.2020 02:04,558, 09:18,16,5,1215,1.72,0.54,130, ??,
20.10.2020 02:10,77, 01:17,1,0,169,0.78,0.00,131, ??,
20.10.2020 02:21,603, 10:03,9,2,1647,0.89,0.20,163, ??,
22.10.2020 01:34,603, 10:03,11,1,1745,1.09,0.10,173, ??,
22.10.2020 02:02,603, 10:03,12,1,1579,1.19,0.10,157, ??,
22.10.2020 02:24,244, 04:04,5,1,590,1.23,0.25,144, ??,
22.10.2020 02:37,604, 10:04,15,2,1366,1.49,0.20,135, ??,
22.10.2020 03:13,603, 10:03,12,1,1511,1.19,0.10,150, ??,
24.10.2020 02:45,603, 10:03,8,2,3163,0.80,0.20,314, ??,
26.10.2020 01:15,604, 10:04,9,4,3410,0.89,0.40,338, ??,
26.10.2020 01:30,603, 10:03,8,3,3021,0.80,0.30,300, ??,
26.10.2020 01:53,603, 10:03,15,0,3979,1.49,0.00,395, ??,
26.10.2020 02:16,603, 10:03,11,2,3272,1.09,0.20,325, ??,
26.10.2020 02:46,603, 10:03,13,4,3746,1.29,0.40,372, ??,
26.10.2020 20:03,466, 07:46,6,0,2273,0.77,0.00,292, ??,
27.10.2020 00:16,604, 10:04,7,2,3212,0.70,0.20,319, ??,
27.10.2020 00:35,314, 05:14,4,1,1365,0.76,0.19,260, ??,
27.10.2020 00:47,603, 10:03,8,1,3074,0.80,0.10,305, ??,
27.10.2020 01:08,479, 07:59,11,3,2921,1.38,0.38,365, ??,
27.10.2020 01:27,605, 10:05,14,3,4034,1.39,0.30,399, ??,
27.10.2020 01:40,230, 03:50,3,2,1172,0.78,0.52,305, ??,
27.10.2020 01:53,603, 10:03,12,4,3442,1.19,0.40,342, ??,
28.10.2020 22:26,261, 04:21,2,0,1190,0.46,0.00,273, ??,
28.10.2020 22:36,604, 10:04,8,1,3129,0.79,0.10,310, ??,
28.10.2020 22:56,504, 08:24,5,1,2135,0.60,0.12,254, ??,
28.10.2020 23:12,603, 10:03,9,3,3381,0.89,0.30,335, ??,
28.10.2020 23:25,193, 03:13,3,1,983,0.93,0.31,304, ??,
28.10.2020 23:34,305, 05:05,2,3,1208,0.39,0.59,236, ??,
28.10.2020 23:46,603, 10:03,9,3,3264,0.89,0.30,324, ??,
29.10.2020 00:14,604, 10:04,12,5,3608,1.19,0.50,358, ??,
29.10.2020 22:10,416, 06:56,7,0,2439,1.01,0.00,351, ??,
29.10.2020 22:29,212, 03:32,2,1,877,0.57,0.28,247, ??,
29.10.2020 22:41,603, 10:03,7,3,2983,0.70,0.30,296, ??,
29.10.2020 22:59,604, 10:04,12,4,3743,1.19,0.40,371, ??,
31.10.2020 19:59,540, 09:00,8,4,2767,0.89,0.44,307, ??,
31.10.2020 20:16,366, 06:06,7,1,1987,1.15,0.16,325, ??,
31.10.2020 20:32,437, 07:17,6,1,2147,0.82,0.14,294, ??,
31.10.2020 20:49,610, 10:10,11,2,3466,1.08,0.20,340, ??,
31.10.2020 20:56,157, 02:37,1,1,603,0.38,0.38,229, ??,
01.11.2020 00:27,603, 10:03,11,3,3629,1.09,0.30,360, ??,
01.11.2020 00:47,603, 10:03,8,2,3077,0.79,0.20,305, ??,
01.11.2020 01:02,95, 01:35,1,0,421,0.63,0.00,265, ??,
01.11.2020 01:18,378, 06:18,6,3,2031,0.95,0.48,321, ??,
01.11.2020 01:22,181, 03:01,6,1,1287,1.98,0.33,425, ??,
01.11.2020 01:35,289, 04:49,4,2,1604,0.83,0.41,332, ??,
01.11.2020 01:46,604, 10:04,11,3,3588,1.09,0.30,356, ??,
01.11.2020 02:14,241, 04:01,4,1,1206,0.99,0.25,299, ??,
01.11.2020 02:20,120, 02:00,1,1,412,0.50,0.50,204, ??,
01.11.2020 02:33,608, 10:08,13,4,3954,1.28,0.39,389, ??,
01.11.2020 03:06,603, 10:03,14,5,3829,1.39,0.50,380, ??,
01.11.2020 03:50,603, 10:03,10,4,3267,0.99,0.40,324, ??,
01.11.2020 04:05,604, 10:04,9,6,3131,0.89,0.60,310, ??,
02.11.2020 23:04,373, 06:13,4,0,1847,0.64,0.00,297, ??,
02.11.2020 23:15,604, 10:04,8,0,3567,0.79,0.00,354, ??,
02.11.2020 23:55,603, 10:03,7,1,2868,0.70,0.10,285, ??,
03.11.2020 00:10,306, 05:06,1,0,1061,0.20,0.00,207, ??,
03.11.2020 00:19,324, 05:24,5,1,1714,0.92,0.18,316, ??,
03.11.2020 00:30,356, 05:56,5,2,1799,0.84,0.34,302, ??,
03.11.2020 00:44,259, 04:19,2,0,960,0.46,0.00,221, ??,
03.11.2020 00:58,603, 10:03,10,3,3396,0.99,0.30,337, ??,
07.11.2020 23:05,393, 06:33,5,0,1927,0.76,0.00,293, ??,
07.11.2020 23:09,111, 01:51,2,1,570,1.07,0.54,306, ??,
07.11.2020 23:16,196, 03:16,2,0,844,0.61,0.00,258, ??,
07.11.2020 23:30,603, 10:03,11,4,3354,1.09,0.40,333, ??,
07.11.2020 23:42,444, 07:24,6,3,2067,0.81,0.40,278, ??,
07.11.2020 23:50,325, 05:25,5,1,1585,0.92,0.18,291, ??,
07.11.2020 23:56,203, 03:23,1,0,540,0.29,0.00,158, ??,
08.11.2020 00:14,10, 00:10,0,0,55,0.00,0.00,315, ??,
08.11.2020 00:32,55, 00:55,1,0,279,1.08,0.00,302, ??,
11.11.2020 19:30,603, 10:03,7,0,3160,0.70,0.00,314, ??,
11.11.2020 23:19,493, 08:13,8,1,2697,0.97,0.12,327, ??,
11.11.2020 23:31,387, 06:27,9,2,2516,1.39,0.31,389, ??,
12.11.2020 01:00,546, 09:06,8,3,2883,0.88,0.33,316, ??,
12.11.2020 01:18,603, 10:03,12,3,3658,1.19,0.30,363, ??,
12.11.2020 01:39,603, 10:03,8,3,2974,0.80,0.30,295, ??,
12.11.2020 01:56,461, 07:41,6,2,2326,0.78,0.26,302, ??,
12.11.2020 02:08,603, 10:03,6,2,2858,0.60,0.20,284, ??,
12.11.2020 02:28,603, 10:03,11,2,3654,1.09,0.20,363, ??,
12.11.2020 02:53,604, 10:04,10,4,3589,0.99,0.40,356, ??,
14.11.2020 22:58,603, 10:03,12,2,3846,1.19,0.20,382, ??,
14.11.2020 23:12,604, 10:04,10,0,3568,0.99,0.00,354, ??,
14.11.2020 23:43,604, 10:04,11,0,3345,1.09,0.00,332, ??,
15.11.2020 00:01,362, 06:02,4,2,1529,0.66,0.33,253, ??,
15.11.2020 00:13,482, 08:02,12,3,3107,1.49,0.37,386, ??,
15.11.2020 00:25,603, 10:03,16,3,4302,1.59,0.30,427, ??,
17.11.2020 01:04,610, 10:10,9,0,3507,0.88,0.00,344, ??,
18.11.2020 00:03,545, 09:05,5,1,2519,0.55,0.11,276, ??,
18.11.2020 00:14,604, 10:04,14,7,3818,1.39,0.70,379, ??,
18.11.2020 00:43,603, 10:03,11,1,3855,1.09,0.10,383, ??,
18.11.2020 01:00,603, 10:03,14,2,4076,1.39,0.20,405, ??,
18.11.2020 01:29,274, 04:34,2,1,1155,0.44,0.22,252, ??,
18.11.2020 01:34,234, 03:54,2,1,1205,0.51,0.26,308, ??,
18.11.2020 01:39,244, 04:04,3,1,1376,0.74,0.25,337, ??,
18.11.2020 01:50,604, 10:04,9,1,3371,0.89,0.10,334, ??,
18.11.2020 02:11,280, 04:40,5,3,1432,1.07,0.64,306, ??,
18.11.2020 02:25,430, 07:10,8,1,2439,1.11,0.14,339, ??,
18.11.2020 02:39,254, 04:14,5,0,1462,1.18,0.00,344, ??,
10.06.2021 22:31,604, 10:04,9,1,3503,0.89,0.10,347, ??,
10.06.2021 23:03,604, 10:04,12,3,1761,1.19,0.30,174, ??,
10.06.2021 23:20,475, 07:55,8,4,1320,1.01,0.50,166, ??,
10.06.2021 23:26,240, 04:00,9,2,423,2.25,0.50,105, ??,
10.06.2021 23:34,335, 05:35,4,1,1011,0.71,0.18,180, ??,
10.06.2021 23:47,605, 10:05,15,2,1798,1.49,0.20,178, ??,
11.06.2021 00:01,603, 10:03,13,3,1541,1.29,0.30,153, ??,
11.06.2021 00:14,603, 10:03,14,4,1799,1.39,0.40,178, ??,
11.06.2021 00:25,255, 04:15,5,1,716,1.17,0.23,168, ??,
13.06.2021 23:50,25, 00:25,1,0,29,2.33,0.00,67, ??,
14.06.2021 00:01,603, 10:03,12,1,1961,1.19,0.10,195, ??,
14.06.2021 00:15,571, 09:31,13,3,1696,1.36,0.31,177, ??,
14.06.2021 00:28,603, 10:03,10,5,1610,0.99,0.50,160, ??,
14.06.2021 00:35,70, 01:10,2,1,136,1.71,0.85,116, ??,
14.06.2021 00:47,604, 10:04,14,4,1536,1.39,0.40,152, ??,
14.06.2021 00:55,445, 07:25,11,1,1237,1.48,0.13,166, ??,
14.06.2021 01:08,603, 10:03,18,4,1310,1.79,0.40,130, ??,
14.06.2021 01:17,311, 05:11,5,1,1328,0.96,0.19,255, ??,
14.06.2021 01:28,603, 10:03,17,1,1532,1.69,0.10,152, ??,
16.06.2021 23:17,38, 00:38,1,0,15,1.55,0.00,23, ??,
16.06.2021 23:28,603, 10:03,13,1,1725,1.29,0.10,171, ??,
16.06.2021 23:47,603, 10:03,16,6,1669,1.59,0.60,165, ??,
17.06.2021 00:01,289, 04:49,5,3,811,1.03,0.62,167, ??,
17.06.2021 00:20,604, 10:04,17,3,1544,1.69,0.30,153, ??,
17.06.2021 00:39,603, 10:03,16,1,1606,1.59,0.10,159, ??,
17.06.2021 01:13,604, 10:04,14,3,1613,1.39,0.30,160, ??,
17.06.2021 01:39,603, 10:03,15,5,1595,1.49,0.50,158, ??,
18.06.2021 20:28,9, 00:09,0,0,5,0.00,0.00,32, ??,
18.06.2021 20:39,603, 10:03,12,3,1746,1.19,0.30,173, ??,
18.06.2021 20:56,192, 03:12,2,1,493,0.62,0.31,154, ??,
18.06.2021 21:06,509, 08:29,15,4,1255,1.77,0.47,147, ??,
18.06.2021 21:23,52, 00:52,0,0,94,0.00,0.00,107, ??,
18.06.2021 21:33,498, 08:18,13,0,1292,1.56,0.00,155, ??,
18.06.2021 21:58,8, 00:08,0,0,38,0.00,0.00,261, ??,
18.06.2021 22:05,268, 04:28,3,1,833,0.67,0.22,186, ??,
18.06.2021 22:26,489, 08:09,6,0,1594,0.74,0.00,195, ??,
18.06.2021 22:35,86, 01:26,2,0,182,1.38,0.00,125, ??,
18.06.2021 22:44,260, 04:20,6,2,645,1.38,0.46,148, ??,
18.06.2021 22:55,537, 08:57,9,4,1517,1.00,0.45,169, ??,
18.06.2021 23:14,603, 10:03,16,5,1784,1.59,0.50,177, ??,
19.06.2021 21:11,503, 08:23,7,0,1691,0.83,0.00,201, ??,
19.06.2021 21:24,604, 10:04,13,0,1893,1.29,0.00,187, ??,
19.06.2021 21:39,293, 04:53,5,0,998,1.02,0.00,204, ??,
19.06.2021 21:42,8, 00:08,0,0,4,0.00,0.00,27, ??,
19.06.2021 21:50,448, 07:28,10,1,1479,1.34,0.13,197, ??,
19.06.2021 22:03,578, 09:38,16,2,1532,1.66,0.21,158, ??,
19.06.2021 22:09,291, 04:51,3,0,975,0.62,0.00,200, ??,
19.06.2021 22:32,603, 10:03,13,2,1690,1.29,0.20,167, ??,
19.06.2021 22:41,303, 05:03,5,0,848,0.99,0.00,167, ??,
19.06.2021 23:08,205, 03:25,3,2,437,0.88,0.58,127, ??,
19.06.2021 23:16,363, 06:03,6,1,908,0.99,0.17,149, ??,
19.06.2021 23:27,349, 05:49,6,0,1091,1.03,0.00,187, ??,
19.06.2021 23:44,604, 10:04,16,4,1707,1.59,0.40,169, ??,
19.06.2021 23:58,387, 06:27,10,2,831,1.55,0.31,128, ??,
20.06.2021 00:12,600, 10:00,14,4,1340,1.40,0.40,133, ??,
24.06.2021 05:24,389, 06:29,4,2,1206,0.62,0.31,185, ??,
24.06.2021 05:38,603, 10:03,11,0,1976,1.09,0.00,196, ??,
24.06.2021 05:52,451, 07:31,7,1,1357,0.93,0.13,180, ??,
24.06.2021 05:55,79, 01:19,1,0,251,0.75,0.00,188, ??,
24.06.2021 06:06,603, 10:03,11,1,1847,1.09,0.10,183, ??,
24.06.2021 06:24,603, 10:03,12,1,1907,1.19,0.10,189, ??,
24.06.2021 06:38,28, 00:28,1,0,48,2.11,0.00,101, ??,
24.06.2021 06:44,346, 05:46,11,3,858,1.91,0.52,148, ??,
01.07.2021 23:58,603, 10:03,13,1,2063,1.29,0.10,205, ??,
02.07.2021 00:22,604, 10:04,19,2,1797,1.89,0.20,178, ??,
02.07.2021 00:57,566, 09:26,18,3,1906,1.91,0.32,201, ??,
02.07.2021 01:13,604, 10:04,14,3,1547,1.39,0.30,153, ??,
02.07.2021 01:56,499, 08:19,15,5,1165,1.80,0.60,139, ??,
02.07.2021 02:08,342, 05:42,9,3,723,1.58,0.53,126, ??,
02.07.2021 02:16,221, 03:41,4,2,553,1.08,0.54,149, ??,
02.07.2021 03:15,603, 10:03,18,5,1668,1.79,0.50,165, ??,
02.07.2021 23:23,603, 10:03,16,3,1576,1.59,0.30,156, ??,
02.07.2021 23:55,604, 10:04,19,5,1803,1.89,0.50,178, ??,
03.07.2021 00:12,373, 06:13,7,0,1109,1.12,0.00,178, ??,
03.07.2021 00:18,8, 00:08,0,0,2,0.00,0.00,13, ??,
03.07.2021 00:22,157, 02:37,3,0,355,1.14,0.00,135, ??,
03.07.2021 00:25,164, 02:44,4,1,318,1.46,0.36,115, ??,
03.07.2021 00:36,487, 08:07,12,2,1064,1.48,0.25,131, ??,
03.07.2021 00:54,509, 08:29,16,4,980,1.88,0.47,115, ??,
03.07.2021 01:14,603, 10:03,19,6,1330,1.89,0.60,132, ??,
03.07.2021 01:33,364, 06:04,9,4,789,1.48,0.66,129, ??,
03.07.2021 01:57,124, 02:04,2,0,245,0.97,0.00,118, ??,
03.07.2021 02:27,603, 10:03,16,3,1439,1.59,0.30,143, ??,
03.07.2021 23:59,8, 00:08,0,0,2,0.00,0.00,13, ??,
04.07.2021 00:59,331, 05:31,6,3,648,1.08,0.54,117, ??,
04.07.2021 01:03,117, 01:57,1,0,294,0.51,0.00,150, ??,
04.07.2021 01:09,317, 05:17,6,3,767,1.13,0.57,144, ??,
04.07.2021 01:22,604, 10:04,19,3,1577,1.89,0.30,156, ??,
04.07.2021 02:01,603, 10:03,16,6,1276,1.59,0.60,126, ??,
04.07.2021 02:39,603, 10:03,14,3,1469,1.39,0.30,146, ??,
04.07.2021 03:03,306, 05:06,7,3,568,1.37,0.59,111, ??,
04.07.2021 03:12,366, 06:06,10,3,583,1.64,0.49,95, ??,
06.07.2021 23:57,8, 00:08,0,0,4,0.00,0.00,27, ??,
07.07.2021 00:23,364, 06:04,10,2,908,1.65,0.33,149, ??,
07.07.2021 00:35,518, 08:38,16,4,1028,1.85,0.46,118, ??,
07.07.2021 01:43,369, 06:09,9,3,1036,1.46,0.49,168, ??,
07.07.2021 02:06,603, 10:03,15,5,1958,1.49,0.50,194, ??,
07.07.2021 02:20,603, 10:03,15,2,1376,1.49,0.20,136, ??,
07.07.2021 02:33,132, 02:12,2,0,480,0.90,0.00,217, ??,
07.07.2021 02:43,436, 07:16,11,3,1112,1.51,0.41,152, ??,
07.07.2021 03:12,469, 07:49,11,5,978,1.41,0.64,124, ??,
07.07.2021 03:24,133, 02:13,3,0,252,1.35,0.00,113, ??,
07.07.2021 03:36,603, 10:03,18,5,1403,1.79,0.50,139, ??,
07.07.2021 03:55,604, 10:04,18,4,1475,1.79,0.40,146, ??,
07.07.2021 04:14,603, 10:03,16,5,1394,1.59,0.50,138, ??,
07.07.2021 04:46,582, 09:42,14,5,1184,1.44,0.52,121, ??,
07.07.2021 04:57,595, 09:55,16,6,1372,1.61,0.60,138, ??,
07.07.2021 22:43,575, 09:35,11,0,1890,1.15,0.00,196, ??,
07.07.2021 22:56,604, 10:04,9,1,2075,0.89,0.10,205, ??,
07.07.2021 23:13,604, 10:04,15,3,1592,1.49,0.30,158, ??,
07.07.2021 23:45,603, 10:03,14,5,1379,1.39,0.50,137, ??,
07.07.2021 23:59,128, 02:08,2,0,307,0.93,0.00,142, ??,
08.07.2021 00:33,604, 10:04,20,4,1644,1.99,0.40,163, ??,
08.07.2021 00:57,184, 03:04,3,1,521,0.98,0.33,169, ??,
08.07.2021 01:05,437, 07:17,11,3,892,1.51,0.41,122, ??,
08.07.2021 01:10,155, 02:35,4,1,269,1.54,0.38,103, ??,
08.07.2021 01:23,603, 10:03,14,3,1662,1.39,0.30,165, ??,
08.07.2021 01:35,555, 09:15,10,4,1321,1.08,0.43,142, ??,
08.07.2021 01:47,440, 07:20,13,2,1045,1.77,0.27,142, ??,
08.07.2021 01:53,187, 03:07,5,2,359,1.60,0.64,114, ??,
08.07.2021 02:19,457, 07:37,12,4,917,1.57,0.52,120, ??,
08.07.2021 02:30,379, 06:19,10,1,821,1.58,0.16,129, ??,
08.07.2021 02:39,494, 08:14,14,5,1146,1.70,0.61,139, ??,
08.07.2021 02:51,344, 05:44,10,3,761,1.74,0.52,132, ??,
08.07.2021 02:57,281, 04:41,7,0,696,1.49,0.00,148, ??,
08.07.2021 03:08,605, 10:05,22,0,1599,2.18,0.00,158, ??,
09.07.2021 00:13,487, 08:07,12,3,1014,1.48,0.37,124, ??,
09.07.2021 00:24,63, 01:03,2,0,43,1.89,0.00,40, ??,
09.07.2021 00:30,294, 04:54,8,2,592,1.63,0.41,120, ??,
09.07.2021 00:35,231, 03:51,5,1,505,1.30,0.26,130, ??,
09.07.2021 00:47,603, 10:03,14,0,1862,1.39,0.00,185, ??,
09.07.2021 01:10,361, 06:01,8,3,796,1.33,0.50,132, ??,
09.07.2021 01:17,272, 04:32,4,0,741,0.88,0.00,162, ??,
09.07.2021 01:29,603, 10:03,16,6,1482,1.59,0.60,147, ??,
09.07.2021 01:55,190, 03:10,4,0,536,1.26,0.00,168, ??,
09.07.2021 02:04,490, 08:10,10,4,1312,1.22,0.49,160, ??,
09.07.2021 02:16,528, 08:48,8,4,1507,0.91,0.45,171, ??,
09.07.2021 02:28,522, 08:42,10,2,1540,1.15,0.23,176, ??,
09.07.2021 20:59,603, 10:03,14,1,1955,1.39,0.10,194, ??,
09.07.2021 21:24,589, 09:49,15,4,1555,1.53,0.41,158, ??,
09.07.2021 21:36,603, 10:03,16,4,1613,1.59,0.40,160, ??,
09.07.2021 22:20,274, 04:34,5,1,610,1.09,0.22,133, ??,
10.07.2021 23:40,593, 09:53,15,1,1676,1.52,0.10,169, ??,
10.07.2021 23:53,603, 10:03,15,3,1521,1.49,0.30,151, ??,
11.07.2021 00:03,154, 02:34,2,1,330,0.77,0.39,127, ??,
11.07.2021 00:17,583, 09:43,10,2,1571,1.03,0.21,161, ??,
11.07.2021 00:55,604, 10:04,17,5,1741,1.69,0.50,172, ??,
11.07.2021 01:25,603, 10:03,14,2,1552,1.39,0.20,154, ??,
11.07.2021 01:45,603, 10:03,15,2,1683,1.49,0.20,167, ??,
11.07.2021 02:07,603, 10:03,16,2,1558,1.59,0.20,154, ??,
11.07.2021 02:24,433, 07:13,12,5,1244,1.66,0.69,172, ??,
11.07.2021 02:35,603, 10:03,16,3,1965,1.59,0.30,195, ??,
11.07.2021 02:50,604, 10:04,11,3,1689,1.09,0.30,167, ??,
11.07.2021 03:14,468, 07:48,9,3,1645,1.15,0.38,210, ??,
11.07.2021 03:23,430, 07:10,8,0,1322,1.12,0.00,184, ??,
11.07.2021 03:32,497, 08:17,8,2,1653,0.97,0.24,199, ??,
11.07.2021 03:44,603, 10:03,13,5,1609,1.29,0.50,159, ??,
11.07.2021 04:02,603, 10:03,13,0,1634,1.29,0.00,162, ??,
13.07.2021 00:42,604, 10:04,14,2,1776,1.39,0.20,176, ??,
13.07.2021 00:56,603, 10:03,19,3,1572,1.89,0.30,156, ??,
13.07.2021 01:25,603, 10:03,15,2,2015,1.49,0.20,200, ??,
19.07.2021 22:08,603, 10:03,16,2,2017,1.59,0.20,200, ??,
19.07.2021 22:30,297, 04:57,8,1,789,1.62,0.20,159, ??,
19.07.2021 22:43,603, 10:03,15,2,1826,1.49,0.20,181, ??,
19.07.2021 23:00,532, 08:52,17,5,1187,1.92,0.56,133, ??,
19.07.2021 23:13,604, 10:04,12,0,2065,1.19,0.00,205, ??,
19.07.2021 23:26,603, 10:03,15,5,1624,1.49,0.50,161, ??,
19.07.2021 23:54,603, 10:03,15,5,1629,1.49,0.50,161, ??,
20.07.2021 00:08,603, 10:03,12,6,1515,1.19,0.60,150, ??,
20.07.2021 00:30,447, 07:27,11,3,1080,1.48,0.40,144, ??,
20.07.2021 00:48,389, 06:29,10,2,1248,1.54,0.31,192, ??,
20.07.2021 00:58,514, 08:34,17,2,1226,1.98,0.23,142, ??,
20.07.2021 01:17,603, 10:03,19,4,1693,1.89,0.40,168, ??,
20.07.2021 01:34,532, 08:52,14,4,1622,1.58,0.45,182, ??,
20.07.2021 01:43,393, 06:33,12,1,1199,1.83,0.15,182, ??,
15.08.2021 03:26,603, 10:03,14,5,1416,1.39,0.50,140, ??,
15.08.2021 03:44,473, 07:53,14,6,947,1.78,0.76,120, ??,
15.08.2021 03:55,603, 10:03,16,6,1695,1.59,0.60,168, ??,
15.08.2021 04:07,604, 10:04,16,4,1540,1.59,0.40,152, ??,
15.08.2021 15:14,603, 10:03,16,4,1507,1.59,0.40,149, ??,
15.08.2021 15:30,478, 07:58,13,3,1328,1.63,0.38,166, ??,
15.08.2021 15:45,604, 10:04,20,3,1354,1.99,0.30,134, ??,
15.08.2021 15:59,341, 05:41,6,1,915,1.06,0.18,160, ??,
15.08.2021 16:17,604, 10:04,18,3,1564,1.79,0.30,155, ??,
15.08.2021 16:28,147, 02:27,4,2,344,1.63,0.82,140, ??,
15.08.2021 16:35,430, 07:10,14,1,1011,1.95,0.14,140, ??,
17.10.2021 14:40,604, 10:04,10,0,1800,0.99,0.00,178, ??,
17.10.2021 15:12,603, 10:03,15,6,1286,1.49,0.60,127, ??,
17.10.2021 15:39,603, 10:03,16,3,1498,1.59,0.30,148, ??,
17.10.2021 16:14,199, 03:19,0,0,553,0.00,0.00,166, ??,
29.10.2021 23:19,8, 00:08,0,0,4,0.00,0.00,27, ??,
29.10.2021 23:30,603, 10:03,13,4,1751,1.29,0.40,174, ??,
19.03.2023 23:26,576, 09:36,13,3,1377,1.35,0.31,143, ??,
19.03.2023 23:34,324, 05:24,4,0,1078,0.74,0.00,199, ??,
19.03.2023 23:47,603, 10:03,14,3,1871,1.39,0.30,186, ??,
20.03.2023 18:43,603, 10:03,21,4,1450,2.09,0.40,144, ??,
21.03.2023 21:57,603, 10:03,34,0,2341,3.38,0.00,232, ??,
21.03.2023 22:00,157, 02:37,11,1,484,4.20,0.38,184, ??,updated from 17 to 7 sec per larva hint
21.03.2023 22:15,603, 10:03,43,1,2072,4.28,0.10,206, ??,
21.03.2023 22:28,350, 05:50,21,2,1306,3.60,0.34,223, ??,
21.03.2023 22:37,375, 06:15,28,1,1119,4.47,0.16,178, ??,
21.03.2023 22:50,603, 10:03,42,3,2557,4.18,0.30,254, ??,
21.03.2023 23:21,603, 10:03,43,4,2121,4.28,0.40,210, ??,
22.03.2023 00:08,603, 10:03,47,3,1920,4.67,0.30,190, ??,
26.03.2023 22:51,10, 00:10,0,0,4,0.00,0.00,22, ??,
27.03.2023 00:03,603, 10:03,44,1,2132,4.37,0.10,211, ??,
27.03.2023 00:18,603, 10:03,45,3,1769,4.47,0.30,175, ??,
27.03.2023 00:44,583, 09:43,49,6,1386,5.04,0.62,142, ??,
27.03.2023 00:56,603, 10:03,57,7,1221,5.67,0.70,121, ??,
27.03.2023 01:20,483, 08:03,32,2,1504,3.97,0.25,186, ??,
27.03.2023 01:35,604, 10:04,49,0,2017,4.87,0.00,200, ??,
27.03.2023 20:59,603, 10:03,46,1,2301,4.57,0.10,228, ??,
27.03.2023 21:19,603, 10:03,43,0,2031,4.28,0.00,201, ??,
27.03.2023 21:43,603, 10:03,40,1,2265,3.97,0.10,225, ??,
27.03.2023 22:00,604, 10:04,54,1,1926,5.36,0.10,191, ??,
27.03.2023 22:20,580, 09:40,43,3,2282,4.44,0.31,235, ??,
27.03.2023 22:55,604, 10:04,41,4,1808,4.07,0.40,179,126,
28.03.2023 23:52,603, 10:03,44,1,1708,4.37,0.10,169, ??, 
29.03.2023 21:39,604, 10:04,47,0,1671,4.67,0.00,165, ??, 
29.03.2023 21:58,424, 07:04,34,1,1355,4.80,0.14,191, ??, 
29.03.2023 22:30,372, 06:12,29,3,1032,4.68,0.48,166, ??, 
29.03.2023 22:43,435, 07:15,30,5,1236,4.13,0.69,170, ??, 
29.03.2023 22:50,89, 01:29,6,1,184,4.02,0.67,123, ??, 
30.03.2023 00:50,603, 10:03,50,3,1832,4.97,0.30,182, ??, 
30.03.2023 01:11,604, 10:04,54,4,1777,5.36,0.40,176, ??, 
30.03.2023 01:35,603, 10:03,50,4,1737,4.97,0.40,172, ??, 
30.03.2023 01:55,603, 10:03,46,5,1837,4.57,0.50,182, ??, 
30.03.2023 23:29,429, 07:09,29,2,1387,4.05,0.28,193, ??, 
30.03.2023 23:36,166, 02:46,11,0,518,3.97,0.00,186, ??, 
30.03.2023 23:58,603, 10:03,49,2,2059,4.87,0.20,204, ??, 
31.03.2023 00:20,445, 07:25,33,3,1112,4.44,0.40,149, ??, 
31.03.2023 00:34,604, 10:04,47,6,1519,4.67,0.60,150, ??, 
31.03.2023 22:42,603, 10:03,47,1,2148,4.67,0.10,213, ??, 
31.03.2023 22:58,604, 10:04,45,1,2389,4.47,0.10,237, ??, 
31.03.2023 23:22,603, 10:03,49,1,2033,4.87,0.10,202, ??, 
31.03.2023 23:38,484, 08:04,39,1,1384,4.83,0.12,171, ??, 
31.03.2023 23:52,603, 10:03,48,1,1897,4.77,0.10,188, ??, 
01.04.2023 19:23,8, 00:08,0,0,4,0.00,0.00,27, ??, 
01.04.2023 19:30,266, 04:26,19,1,801,4.28,0.23,180, ??, 
01.04.2023 19:42,595, 09:55,48,3,1931,4.84,0.30,194, ??, 
01.04.2023 19:56,382, 06:22,30,3,1164,4.71,0.47,182, ??, 
01.04.2023 19:59,157, 02:37,12,1,375,4.58,0.38,143, ??, 
01.04.2023 20:14,605, 10:05,42,4,1951,4.16,0.40,193, ??, 
01.04.2023 20:51,454, 07:34,34,1,1574,4.48,0.13,207, ??, 
01.04.2023 21:01,462, 07:42,39,2,1375,5.06,0.26,178, ??, 
01.04.2023 21:32,603, 10:03,47,2,1788,4.67,0.20,177, ??, 
01.04.2023 21:35,15, 00:15,1,0,7,3.93,0.00,27, ??, 
01.04.2023 21:48,477, 07:57,35,2,1087,4.40,0.25,136, ??, 
01.04.2023 22:28,603, 10:03,49,5,1629,4.87,0.50,161, ??, 
01.04.2023 22:48,603, 10:03,46,2,2130,4.57,0.20,211, ??, 
02.04.2023 00:37,445, 07:25,32,2,1348,4.31,0.27,181, ??, 
05.04.2023 00:58,538, 08:58,72,2,2129,8.02,0.22,237,122, larvaHintsPeriod = 4
05.04.2023 15:10,393, 06:33,55,1,1398,8.39,0.15,213, ??, larvaHintsPeriod = 4
05.04.2023 15:24,605, 10:05,84,3,2222,8.32,0.30,220, ??, larvaHintsPeriod = 4
06.04.2023 21:28,486, 08:06,64,1,2291,7.89,0.12,282, ??, larvaHintsPeriod = 4
06.04.2023 22:09,527, 08:47,73,4,1893,8.31,0.46,215, ??, larvaHintsPeriod = 4
06.04.2023 22:28,603, 10:03,85,2,2198,8.45,0.20,218, ??, larvaHintsPeriod = 4
06.04.2023 22:54,604, 10:04,87,1,2244,8.64,0.10,222, ??, larvaHintsPeriod = 4
06.04.2023 23:26,604, 10:04,86,1,2181,8.53,0.10,216, ??, larvaHintsPeriod = 4
09.04.2023 21:58,506, 08:26,63,1,2439,7.46,0.12,288,122, larvaHintsPeriod = 4
11.04.2023 19:14,604, 10:04,86,4,1830,8.53,0.40,181, ??, larvaHintsPeriod = 4
11.04.2023 19:24,250, 04:10,33,2,596,7.92,0.48,142, ??, larvaHintsPeriod = 4
11.04.2023 19:49,604, 10:04,85,4,1646,8.44,0.40,163, ??, larvaHintsPeriod = 4
11.04.2023 20:15,399, 06:39,54,2,951,8.11,0.30,142, ??, larvaHintsPeriod = 4
11.04.2023 22:29,495, 08:15,60,0,2430,7.26,0.00,293, ??, larvaHintsPeriod = 4
12.04.2023 00:22,604, 10:04,91,2,1697,9.04,0.20,168, ??, larvaHintsPeriod = 4
12.04.2023 00:41,592, 09:52,84,2,1709,8.50,0.20,172, ??, larvaHintsPeriod = 4
12.04.2023 01:17,604, 10:04,90,8,2548,8.94,0.79,253, ??, larvaHintsPeriod = 4
12.04.2023 01:34,605, 10:05,84,3,2094,8.33,0.30,207, ??, larvaHintsPeriod = 4
12.04.2023 01:59,579, 09:39,83,2,1848,8.60,0.21,191, ??, larvaHintsPeriod = 4
12.04.2023 02:20,603, 10:03,88,1,1998,8.74,0.10,198, ??, larvaHintsPeriod = 4
12.04.2023 22:12,603, 10:03,93,2,1848,9.24,0.20,183, ??, larvaHintsPeriod = 4
13.04.2023 17:40,474, 07:54,58,0,1884,7.34,0.00,238, ??, larvaHintsPeriod = 4
13.04.2023 17:48,408, 06:48,56,0,1145,8.22,0.00,168, ??, larvaHintsPeriod = 4
13.04.2023 18:00,604, 10:04,86,3,1631,8.54,0.30,161,77, larvaHintsPeriod = 4
13.04.2023 23:29,603, 10:03,85,3,2288,8.45,0.30,227, ??, larvaHintsPeriod = 4
13.04.2023 23:47,263, 04:23,33,1,946,7.52,0.23,215,92," LarvaHintsPeriod = 4, next games silent"
14.04.2023 23:25,603, 10:03,122,1,1817,12.12,0.10,180,106," LarvaHintsPeriod = 4, zvz"
15.04.2023 13:53,597, 09:57,87,1,1981,8.73,0.10,198, ??, larvaHintsPeriod = 4
15.04.2023 14:07,603, 10:03,79,0,2460,7.85,0.00,244, ??, larvaHintsPeriod = 4
15.04.2023 14:15,85, 01:25,11,0,418,7.72,0.00,293, ??, larvaHintsPeriod = 4
15.04.2023 14:28,492, 08:12,59,0,2358,7.18,0.00,287, ??, larvaHintsPeriod = 4
15.04.2023 14:53,605, 10:05,85,1,2362,8.43,0.10,234, ??, larvaHintsPeriod = 4
15.04.2023 15:07,256, 04:16,33,2,838,7.73,0.47,196, ??, larvaHintsPeriod = 4
16.04.2023 16:42,603, 10:03,91,1,2303,9.04,0.10,228,96, larvaHintsPeriod = 4
17.04.2023 00:48,557, 09:17,81,4,1563,8.71,0.43,168, ??, larvaHintsPeriod = 4
17.04.2023 01:06,603, 10:03,94,8,2034,9.34,0.80,202, ??, larvaHintsPeriod = 4
17.04.2023 01:32,501, 08:21,70,3,1909,8.38,0.36,228,94, larvaHintsPeriod = 4
17.04.2023 16:05,604, 10:04,88,1,2000,8.74,0.10,198, ??, larvaHintsPeriod = 4
17.04.2023 16:19,604, 10:04,88,3,1876,8.74,0.30,186, ??, larvaHintsPeriod = 4
17.04.2023 16:52,603, 10:03,86,3,2148,8.54,0.30,213, ??, larvaHintsPeriod = 4
17.04.2023 17:22,605, 10:05,87,3,1953,8.62,0.30,193,126, larvaHintsPeriod = 4
18.04.2023 20:44, 40, 00:40, 6, 0, 182, "8.89", "0.00", 269, ??, larvaHintsPeriod = 4
18.04.2023 20:45, 8, 00:08, 1, 0, 6, "7.28", "0.00", 43, ??, larvaHintsPeriod = 4
18.04.2023 21:09, 43, 00:43, 6, 0, 203, "8.36", "0.00", 282, ??, larvaHintsPeriod = 4
18.04.2023 21:28, 518, 08:38, 68, 3, 2100, "7.87", "0.35", 243, ??, larvaHintsPeriod = 4
18.04.2023 21:37, 502, 08:22, 71, 2, 1884, "8.48", "0.24", 224, ??, larvaHintsPeriod = 4
18.04.2023 21:54, 444, 07:24, 63, 4, 1314, "8.50", "0.54", 177, ??, larvaHintsPeriod = 4
18.04.2023 22:10, 603, 10:03, 88, 1, 2144, "8.75", "0.10", 213, ??, larvaHintsPeriod = 4
19.04.2023 22:24, 299, 04:59, 38, 1, 920, "7.62", "0.20", 184, ??, larvaHintsPeriod = 4
19.04.2023 22:45, 603, 10:03, 86, 3, 1835, "8.55", "0.30", 182, ??, larvaHintsPeriod = 4
20.04.2023 22:28, 603, 10:03, 84, 4, 1984, "8.35", "0.40", 197, ??, larvaHintsPeriod = 4
20.04.2023 23:06, 604, 10:04, 94, 2, 1881, "9.33", "0.20", 186, ??, larvaHintsPeriod = 4
20.04.2023 23:35, 123, 02:03, 18, 1, 209, "8.72", "0.48", 101, ??, larvaHintsPeriod = 4
20.04.2023 23:44, 464, 07:44, 63, 1, 1411, "8.14", "0.13", 182, ??, larvaHintsPeriod = 4
20.04.2023 23:56, 605, 10:05, 86, 4, 2121, "8.52", "0.40", 210, ??, larvaHintsPeriod = 4
21.04.2023 22:52, 463, 07:43, 65, 2, 1266, "8.41", "0.26", 163, ??, larvaHintsPeriod = 4
21.04.2023 22:59, 274, 04:34, 34, 1, 923, "7.42", "0.22", 201, ??, larvaHintsPeriod = 4
21.04.2023 23:08, 285, 04:45, 33, 1, 926, "6.94", "0.21", 194, ??, larvaHintsPeriod = 4
21.04.2023 23:22, 603, 10:03, 84, 5, 1847, "8.35", "0.50", 183, ??, larvaHintsPeriod = 4
21.04.2023 23:40, 196, 03:16, 28, 2, 686, "8.56", "0.61", 209, ??, larvaHintsPeriod = 4
21.04.2023 23:48, 153, 02:33, 19, 0, 709, "7.44", "0.00", 277, ??, larvaHintsPeriod = 4
21.04.2023 23:56, 262, 04:22, 35, 1, 715, "7.99", "0.23", 163, ??, larvaHintsPeriod = 4
22.04.2023 00:26, 584, 09:44, 87, 6, 1641, "8.93", "0.62", 168, ??, larvaHintsPeriod = 4
22.04.2023 00:39, 603, 10:03, 91, 5, 1594, "9.04", "0.50", 158, ??, larvaHintsPeriod = 4
22.04.2023 01:01, 599, 09:59, 94, 2, 1719, "9.41", "0.20", 172, ??, larvaHintsPeriod = 4
22.04.2023 01:14, 299, 04:59, 43, 0, 978, "8.62", "0.00", 196, ??, larvaHintsPeriod = 4
